AAE,0
AAL,1
AAN,2
AAQ,3
AAR,4
AAT,5
AAX,6
AAY,7
ABA,8
ABB,9
ABD,10
ABE,11
ABI,12
ABJ,13
ABL,14
ABM,15
ABQ,16
ABR,17
ABS,18
ABT,19
ABV,20
ABX,21
ABY,22
ABZ,23
ACA,24
ACC,25
ACE,26
ACH,27
ACI,28
ACK,29
ACR,30
ACT,31
ACU,32
ACV,33
ACX,34
ACY,35
ACZ,36
ADA,37
ADB,38
ADD,39
ADE,40
ADF,41
ADK,42
ADL,43
ADQ,44
ADU,45
ADZ,46
AEB,47
AEP,48
AER,49
AES,50
AET,51
AEX,52
AEY,53
AFA,54
AFL,55
AFZ,56
AGA,57
AGB,58
AGF,59
AGH,60
AGM,61
AGN,62
AGP,63
AGR,64
AGS,65
AGT,66
AGU,67
AGX,68
AHB,69
AHE,70
AHN,71
AHO,72
AHU,73
AIA,74
AIN,75
AIT,76
AIU,77
AJA,78
AJF,79
AJI,80
AJL,81
AJR,82
AJU,83
AKB,84
AKF,85
AKI,86
AKJ,87
AKK,88
AKL,89
AKN,90
AKP,91
AKU,92
AKV,93
AKX,94
AKY,95
ALA,96
ALB,97
ALC,98
ALF,99
ALG,100
ALH,101
ALO,102
ALS,103
ALW,104
AMA,105
AMD,106
AMH,107
AMM,108
AMQ,109
AMS,110
ANC,111
ANF,112
ANG,113
ANI,114
ANM,115
ANR,116
ANS,117
ANU,118
ANV,119
ANX,120
AOE,121
AOG,122
AOI,123
AOJ,124
AOK,125
AOO,126
AOQ,127
AOR,128
AOS,129
APF,130
APL,131
APN,132
APO,133
APW,134
AQA,135
AQG,136
AQI,137
AQJ,138
AQP,139
ARC,140
ARH,141
ARI,142
ARK,143
ARM,144
ARN,145
ART,146
ARU,147
ARW,148
ASB,149
ASE,150
ASF,151
ASJ,152
ASM,153
ASO,154
ASP,155
ASR,156
ASU,157
ASV,158
ASW,159
ATA,160
ATC,161
ATD,162
ATH,163
ATK,164
ATL,165
ATM,166
ATQ,167
ATT,168
ATW,169
ATY,170
ATZ,171
AUA,172
AUC,173
AUG,174
AUH,175
AUK,176
AUQ,177
AUR,178
AUS,179
AUU,180
AUX,181
AUY,182
AVA,183
AVL,184
AVN,185
AVP,186
AVV,187
AWD,188
AWZ,189
AXA,190
AXD,191
AXK,192
AXM,193
AXP,194
AXR,195
AXT,196
AXU,197
AYP,198
AYQ,199
AYT,200
AZA,201
AZD,202
AZI,203
AZN,204
AZO,205
AZR,206
AZS,207
BAH,208
BAL,209
BAQ,210
BAV,211
BAX,212
BAY,213
BAZ,214
BBA,215
BBI,216
BBK,217
BBN,218
BBO,219
BCD,220
BCI,221
BCN,222
BCV,223
BDA,224
BDB,225
BDH,226
BDJ,227
BDL,228
BDO,229
BDP,230
BDQ,231
BDS,232
BDU,233
BEB,234
BEG,235
BEJ,236
BEL,237
BEN,238
BES,239
BET,240
BEU,241
BEW,242
BEY,243
BFD,244
BFF,245
BFI,246
BFJ,247
BFL,248
BFN,249
BFQ,250
BFS,251
BFV,252
BGA,253
BGF,254
BGG,255
BGI,256
BGM,257
BGO,258
BGR,259
BGW,260
BGY,261
BHB,262
BHD,263
BHE,264
BHH,265
BHI,266
BHJ,267
BHK,268
BHM,269
BHO,270
BHQ,271
BHR,272
BHS,273
BHU,274
BHV,275
BHX,276
BHY,277
BIA,278
BIK,279
BIL,280
BIM,281
BIO,282
BIQ,283
BIR,284
BIS,285
BJA,286
BJB,287
BJF,288
BJI,289
BJL,290
BJM,291
BJR,292
BJV,293
BJX,294
BJZ,295
BKC,296
BKG,297
BKI,298
BKK,299
BKM,300
BKO,301
BKQ,302
BKS,303
BKW,304
BKY,305
BKZ,306
BLA,307
BLD,308
BLE,309
BLI,310
BLJ,311
BLK,312
BLL,313
BLQ,314
BLR,315
BLV,316
BLZ,317
BMA,318
BME,319
BMI,320
BMU,321
BMV,322
BMW,323
BMY,324
BNA,325
BNB,326
BNC,327
BND,328
BNE,329
BNI,330
BNK,331
BNN,332
BNS,333
BNX,334
BNY,335
BOB,336
BOC,337
BOD,338
BOG,339
BOH,340
BOI,341
BOJ,342
BOM,343
BON,344
BOO,345
BOS,346
BOY,347
BPL,348
BPN,349
BPS,350
BPT,351
BPX,352
BQB,353
BQK,354
BQL,355
BQN,356
BQS,357
BRA,358
BRC,359
BRD,360
BRE,361
BRI,362
BRL,363
BRM,364
BRN,365
BRO,366
BRQ,367
BRR,368
BRS,369
BRU,370
BRW,371
BSA,372
BSB,373
BSC,374
BSD,375
BSG,376
BSK,377
BSL,378
BSO,379
BSR,380
BTC,381
BTH,382
BTI,383
BTJ,384
BTK,385
BTM,386
BTR,387
BTS,388
BTT,389
BTU,390
BTV,391
BUA,392
BUC,393
BUD,394
BUF,395
BUL,396
BUN,397
BUQ,398
BUR,399
BUS,400
BUW,401
BUX,402
BUZ,403
BVA,404
BVB,405
BVC,406
BVE,407
BVG,408
BVH,409
BVI,410
BVV,411
BWA,412
BWI,413
BWK,414
BWN,415
BWT,416
BXB,417
BXR,418
BXU,419
BYC,420
BYN,421
BYO,422
BZE,423
BZG,424
BZL,425
BZN,426
BZO,427
BZR,428
BZV,429
CAB,430
CAC,431
CAE,432
CAG,433
CAH,434
CAI,435
CAJ,436
CAK,437
CAL,438
CAN,439
CAP,440
CAW,441
CAY,442
CBB,443
CBH,444
CBO,445
CBQ,446
CBR,447
CBS,448
CBT,449
CCC,450
CCF,451
CCJ,452
CCK,453
CCM,454
CCP,455
CCS,456
CCU,457
CCV,458
CDB,459
CDC,460
CDG,461
CDJ,462
CDR,463
CDV,464
CEB,465
CEC,466
CED,467
CEE,468
CEG,469
CEI,470
CEK,471
CEM,472
CEN,473
CEZ,474
CFB,475
CFC,476
CFE,477
CFK,478
CFN,479
CFR,480
CFS,481
CFU,482
CGA,483
CGB,484
CGD,485
CGH,486
CGI,487
CGK,488
CGM,489
CGN,490
CGO,491
CGP,492
CGQ,493
CGR,494
CGY,495
CHA,496
CHC,497
CHG,498
CHO,499
CHQ,500
CHS,501
CHU,502
CHX,503
CHY,504
CIA,505
CIC,506
CID,507
CIF,508
CIH,509
CIJ,510
CIK,511
CIP,512
CIT,513
CIU,514
CIX,515
CIY,516
CIZ,517
CJA,518
CJB,519
CJC,520
CJJ,521
CJL,522
CJM,523
CJS,524
CJU,525
CKB,526
CKD,527
CKG,528
CKH,529
CKS,530
CKX,531
CKY,532
CKZ,533
CLD,534
CLE,535
CLJ,536
CLL,537
CLM,538
CLO,539
CLQ,540
CLT,541
CLV,542
CLY,543
CMA,544
CMB,545
CME,546
CMG,547
CMH,548
CMI,549
CMN,550
CMU,551
CMW,552
CMX,553
CND,554
CNF,555
CNJ,556
CNM,557
CNP,558
CNS,559
CNX,560
CNY,561
COD,562
COK,563
COO,564
COQ,565
COR,566
COS,567
COU,568
CPC,569
CPD,570
CPE,571
CPH,572
CPO,573
CPR,574
CPT,575
CPV,576
CPX,577
CRA,578
CRD,579
CRI,580
CRK,581
CRL,582
CRM,583
CRP,584
CRW,585
CSG,586
CSH,587
CSK,588
CSX,589
CSY,590
CTA,591
CTC,592
CTG,593
CTL,594
CTM,595
CTS,596
CTU,597
CUC,598
CUE,599
CUF,600
CUK,601
CUL,602
CUM,603
CUN,604
CUQ,605
CUR,606
CUU,607
CUZ,608
CVG,609
CVM,610
CVU,611
CWA,612
CWB,613
CWL,614
CXB,615
CXF,616
CXH,617
CXI,618
CXJ,619
CXR,620
CYB,621
CYF,622
CYO,623
CYP,624
CYS,625
CYX,626
CYZ,627
CZE,628
CZH,629
CZL,630
CZM,631
CZS,632
CZU,633
CZX,634
DAB,635
DAC,636
DAD,637
DAL,638
DAR,639
DAT,640
DAU,641
DAV,642
DAX,643
DAY,644
DBA,645
DBO,646
DBQ,647
DBV,648
DCA,649
DCM,650
DCN,651
DCY,652
DDC,653
DDG,654
DEA,655
DEB,656
DEC,657
DED,658
DEE,659
DEF,660
DEL,661
DEN,662
DFW,663
DGA,664
DGO,665
DGT,666
DHB,667
DHI,668
DHM,669
DHN,670
DIB,671
DIE,672
DIG,673
DIJ,674
DIK,675
DIL,676
DIN,677
DIR,678
DIU,679
DIW,680
DIY,681
DJB,682
DJE,683
DJG,684
DJJ,685
DKR,686
DLA,687
DLC,688
DLE,689
DLG,690
DLH,691
DLI,692
DLM,693
DLU,694
DLY,695
DMB,696
DMD,697
DME,698
DMK,699
DMM,700
DMU,701
DND,702
DNH,703
DNK,704
DNR,705
DNZ,706
DOB,707
DOH,708
DOK,709
DOL,710
DOM,711
DOU,712
DOY,713
DPL,714
DPO,715
DPS,716
DQA,717
DRG,718
DRK,719
DRO,720
DRS,721
DRV,722
DRW,723
DSA,724
DSK,725
DSM,726
DSN,727
DTM,728
DTW,729
DUB,730
DUD,731
DUJ,732
DUR,733
DUS,734
DUT,735
DVO,736
DWC,737
DWD,738
DXB,739
DYG,740
DYR,741
DYU,742
DZA,743
DZN,744
EAE,745
EAM,746
EAR,747
EAS,748
EAT,749
EAU,750
EBA,751
EBB,752
EBH,753
EBJ,754
EBL,755
EBU,756
ECN,757
ECP,758
EDA,759
EDI,760
EDL,761
EDO,762
EDR,763
EEK,764
EFL,765
EGC,766
EGE,767
EGM,768
EGN,769
EGO,770
EGS,771
EGX,772
EIN,773
EIS,774
EJA,775
EJH,776
EKO,777
EKS,778
ELC,779
ELD,780
ELF,781
ELG,782
ELH,783
ELI,784
ELL,785
ELM,786
ELP,787
ELQ,788
ELS,789
ELU,790
ELV,791
EMA,792
EMD,793
EMK,794
ENA,795
ENE,796
ENH,797
ENU,798
ENY,799
EOH,800
EOI,801
EPR,802
EQS,803
ERC,804
ERF,805
ERI,806
ERL,807
ERM,808
ERN,809
ERS,810
ERZ,811
ESB,812
ESC,813
ESD,814
ESL,815
ESM,816
ESU,817
ETH,818
ETR,819
ETZ,820
EUG,821
EUN,822
EUX,823
EVE,824
EVG,825
EVN,826
EVV,827
EWB,828
EWN,829
EWR,830
EXI,831
EXT,832
EYK,833
EYP,834
EYW,835
EZE,836
EZS,837
FAE,838
FAI,839
FAO,840
FAR,841
FAT,842
FAV,843
FAY,844
FBM,845
FBS,846
FCA,847
FCO,848
FDE,849
FDF,850
FDH,851
FEG,852
FEN,853
FEZ,854
FIH,855
FJR,856
FKB,857
FKI,858
FKL,859
FKQ,860
FKS,861
FLA,862
FLG,863
FLL,864
FLN,865
FLO,866
FLR,867
FLS,868
FLW,869
FMA,870
FMM,871
FMN,872
FMO,873
FNA,874
FNC,875
FNI,876
FNJ,877
FNT,878
FOC,879
FOE,880
FON,881
FOR,882
FPO,883
FRA,884
FRD,885
FRE,886
FRO,887
FRS,888
FRU,889
FRW,890
FSC,891
FSD,892
FSM,893
FSP,894
FSZ,895
FTA,896
FTE,897
FTU,898
FUE,899
FUG,900
FUJ,901
FUK,902
FUN,903
FUO,904
FUT,905
FVM,906
FWA,907
FYU,908
GAE,909
GAF,910
GAJ,911
GAL,912
GAM,913
GAN,914
GAO,915
GAU,916
GBB,917
GBE,918
GBT,919
GCC,920
GCH,921
GCI,922
GCK,923
GCM,924
GCN,925
GCW,926
GDE,927
GDL,928
GDN,929
GDQ,930
GDT,931
GDV,932
GDX,933
GDZ,934
GEA,935
GEG,936
GEL,937
GEO,938
GES,939
GET,940
GEV,941
GFF,942
GFK,943
GFN,944
GGG,945
GGT,946
GGW,947
GHA,948
GHB,949
GHE,950
GHT,951
GIB,952
GIG,953
GIL,954
GIS,955
GIU,956
GIZ,957
GJA,958
GJT,959
GKA,960
GKK,961
GLA,962
GLF,963
GLH,964
GLK,965
GLN,966
GLO,967
GLT,968
GLV,969
GMA,970
GMB,971
GMO,972
GMP,973
GMR,974
GMZ,975
GND,976
GNM,977
GNU,978
GNV,979
GNY,980
GOA,981
GOH,982
GOI,983
GOJ,984
GOM,985
GOP,986
GOQ,987
GOT,988
GOU,989
GOV,990
GPA,991
GPB,992
GPI,993
GPS,994
GPT,995
GRB,996
GRI,997
GRJ,998
GRK,999
GRO,1000
GRP,1001
GRQ,1002
GRR,1003
GRU,1004
GRV,1005
GRW,1006
GRX,1007
GRZ,1008
GSE,1009
GSM,1010
GSO,1011
GSP,1012
GST,1013
GTE,1014
GTF,1015
GTO,1016
GTR,1017
GUA,1018
GUC,1019
GUM,1020
GUR,1021
GUW,1022
GVA,1023
GVR,1024
GWD,1025
GWL,1026
GWT,1027
GXF,1028
GXH,1029
GYA,1030
GYD,1031
GYE,1032
GYN,1033
GYS,1034
GZO,1035
GZP,1036
GZT,1037
HAA,1038
HAC,1039
HAD,1040
HAH,1041
HAJ,1042
HAK,1043
HAM,1044
HAN,1045
HAQ,1046
HAS,1047
HAU,1048
HAV,1049
HBA,1050
HBE,1051
HBX,1052
HCR,1053
HDF,1054
HDG,1055
HDM,1056
HDN,1057
HDS,1058
HDY,1059
HEA,1060
HEH,1061
HEK,1062
HEL,1063
HER,1064
HET,1065
HFA,1066
HFE,1067
HFS,1068
HFT,1069
HGA,1070
HGH,1071
HGN,1072
HGR,1073
HGU,1074
HHH,1075
HHN,1076
HIA,1077
HIB,1078
HID,1079
HIJ,1080
HIN,1081
HIR,1082
HJJ,1083
HJR,1084
HKB,1085
HKD,1086
HKG,1087
HKK,1088
HKN,1089
HKT,1090
HLA,1091
HLD,1092
HLH,1093
HLN,1094
HLZ,1095
HMA,1096
HMB,1097
HME,1098
HMI,1099
HMO,1100
HMV,1101
HNA,1102
HND,1103
HNH,1104
HNL,1105
HNM,1106
HNS,1107
HOB,1108
HOD,1109
HOE,1110
HOF,1111
HOG,1112
HOI,1113
HOM,1114
HON,1115
HOR,1116
HOT,1117
HOU,1118
HOV,1119
HPB,1120
HPH,1121
HPN,1122
HRB,1123
HRE,1124
HRG,1125
HRI,1126
HRK,1127
HRL,1128
HRM,1129
HRO,1130
HSG,1131
HSL,1132
HSN,1133
HSV,1134
HTA,1135
HTI,1136
HTN,1137
HTS,1138
HTY,1139
HUH,1140
HUI,1141
HUN,1142
HUS,1143
HUU,1144
HUX,1145
HUY,1146
HVB,1147
HVD,1148
HVG,1149
HVN,1150
HVR,1151
HYA,1152
HYD,1153
HYG,1154
HYL,1155
HYN,1156
HZH,1157
IAA,1158
IAD,1159
IAG,1160
IAH,1161
IAM,1162
IAN,1163
IAO,1164
IAR,1165
IAS,1166
IBA,1167
IBE,1168
IBR,1169
IBZ,1170
ICI,1171
ICN,1172
ICT,1173
IDA,1174
IDR,1175
IEV,1176
IFJ,1177
IFN,1178
IFO,1179
IGA,1180
IGD,1181
IGG,1182
IGM,1183
IGR,1184
IGU,1185
IIL,1186
IJK,1187
IKA,1188
IKE,1189
IKI,1190
IKO,1191
IKS,1192
IKT,1193
ILD,1194
ILG,1195
ILI,1196
ILM,1197
ILO,1198
ILP,1199
ILR,1200
ILY,1201
IMF,1202
IMP,1203
IMT,1204
INB,1205
INC,1206
IND,1207
INH,1208
INL,1209
INN,1210
INU,1211
INV,1212
INZ,1213
IOA,1214
IOM,1215
IOQ,1216
IOS,1217
IOT,1218
IPA,1219
IPC,1220
IPH,1221
IPI,1222
IPL,1223
IPN,1224
IPT,1225
IQN,1226
IQQ,1227
IQT,1228
IRA,1229
IRC,1230
IRG,1231
IRJ,1232
IRK,1233
IRP,1234
IRZ,1235
ISA,1236
ISB,1237
ISC,1238
ISE,1239
ISG,1240
ISN,1241
ISP,1242
IST,1243
ISU,1244
ITB,1245
ITH,1246
ITM,1247
ITO,1248
IUE,1249
IUI,1250
IVC,1251
IVL,1252
IWJ,1253
IWK,1254
IXA,1255
IXB,1256
IXC,1257
IXD,1258
IXE,1259
IXG,1260
IXJ,1261
IXL,1262
IXM,1263
IXR,1264
IXS,1265
IXU,1266
IXZ,1267
IZA,1268
IZO,1269
JAC,1270
JAI,1271
JAL,1272
JAN,1273
JAU,1274
JAV,1275
JAX,1276
JBQ,1277
JBR,1278
JCB,1279
JCK,1280
JDH,1281
JDO,1282
JDZ,1283
JED,1284
JEG,1285
JER,1286
JFK,1287
JFR,1288
JGA,1289
JGD,1290
JGN,1291
JGS,1292
JHB,1293
JHG,1294
JHM,1295
JHS,1296
JHW,1297
JIB,1298
JIC,1299
JIJ,1300
JIK,1301
JIM,1302
JIQ,1303
JIU,1304
JJA,1305
JJN,1306
JJU,1307
JKG,1308
JKH,1309
JKL,1310
JKR,1311
JLN,1312
JLR,1313
JMK,1314
JMU,1315
JNB,1316
JNG,1317
JNN,1318
JNS,1319
JNU,1320
JNX,1321
JNZ,1322
JOE,1323
JOG,1324
JOI,1325
JOL,1326
JOS,1327
JPA,1328
JPR,1329
JQA,1330
JQE,1331
JRO,1332
JSH,1333
JSI,1334
JSR,1335
JST,1336
JSU,1337
JSY,1338
JTC,1339
JTR,1340
JTY,1341
JUB,1342
JUH,1343
JUJ,1344
JUK,1345
JUL,1346
JUU,1347
JUV,1348
JUZ,1349
JXA,1350
JYV,1351
JZH,1352
KAA,1353
KAD,1354
KAE,1355
KAJ,1356
KAL,1357
KAN,1358
KAO,1359
KAT,1360
KAW,1361
KAZ,1362
KBC,1363
KBL,1364
KBP,1365
KBR,1366
KBU,1367
KBV,1368
KCA,1369
KCC,1370
KCG,1371
KCH,1372
KCK,1373
KCL,1374
KCM,1375
KCO,1376
KCQ,1377
KCT,1378
KCZ,1379
KDH,1380
KDI,1381
KDM,1382
KDO,1383
KDU,1384
KDV,1385
KEF,1386
KEJ,1387
KEM,1388
KEP,1389
KER,1390
KET,1391
KEW,1392
KFP,1393
KFS,1394
KGA,1395
KGC,1396
KGD,1397
KGE,1398
KGF,1399
KGI,1400
KGL,1401
KGP,1402
KGQ,1403
KGS,1404
KGT,1405
KGX,1406
KHD,1407
KHG,1408
KHH,1409
KHI,1410
KHN,1411
KHQ,1412
KHS,1413
KHV,1414
KHY,1415
KHZ,1416
KID,1417
KIF,1418
KIH,1419
KIJ,1420
KIM,1421
KIN,1422
KIR,1423
KIS,1424
KIT,1425
KIV,1426
KIX,1427
KJA,1428
KKA,1429
KKB,1430
KKC,1431
KKE,1432
KKH,1433
KKI,1434
KKJ,1435
KKN,1436
KKR,1437
KLG,1438
KLL,1439
KLN,1440
KLO,1441
KLR,1442
KLU,1443
KLV,1444
KLW,1445
KLX,1446
KME,1447
KMG,1448
KMI,1449
KMJ,1450
KMQ,1451
KMS,1452
KND,1453
KNG,1454
KNH,1455
KNQ,1456
KNS,1457
KNU,1458
KNX,1459
KOA,1460
KOC,1461
KOE,1462
KOI,1463
KOJ,1464
KOK,1465
KOO,1466
KOP,1467
KOS,1468
KOT,1469
KOV,1470
KOW,1471
KOZ,1472
KPB,1473
KPN,1474
KPO,1475
KPV,1476
KQA,1477
KQT,1478
KRF,1479
KRK,1480
KRL,1481
KRN,1482
KRO,1483
KRP,1484
KRR,1485
KRS,1486
KRT,1487
KRY,1488
KSA,1489
KSC,1490
KSD,1491
KSE,1492
KSF,1493
KSH,1494
KSJ,1495
KSM,1496
KSN,1497
KSO,1498
KSQ,1499
KSU,1500
KSY,1501
KTA,1502
KTB,1503
KTE,1504
KTG,1505
KTL,1506
KTM,1507
KTN,1508
KTS,1509
KTT,1510
KTW,1511
KUA,1512
KUD,1513
KUF,1514
KUH,1515
KUK,1516
KUL,1517
KUN,1518
KUO,1519
KUS,1520
KUT,1521
KUU,1522
KUV,1523
KUZ,1524
KVA,1525
KVC,1526
KVD,1527
KVG,1528
KVK,1529
KVL,1530
KVX,1531
KWA,1532
KWE,1533
KWF,1534
KWI,1535
KWJ,1536
KWK,1537
KWL,1538
KWM,1539
KWN,1540
KWT,1541
KXU,1542
KYA,1543
KYP,1544
KYU,1545
KYZ,1546
KZN,1547
KZO,1548
KZR,1549
KZS,1550
LAD,1551
LAE,1552
LAI,1553
LAM,1554
LAN,1555
LAO,1556
LAP,1557
LAQ,1558
LAR,1559
LAS,1560
LAU,1561
LAW,1562
LAX,1563
LAZ,1564
LBA,1565
LBB,1566
LBC,1567
LBD,1568
LBE,1569
LBF,1570
LBJ,1571
LBL,1572
LBP,1573
LBS,1574
LBU,1575
LBV,1576
LCA,1577
LCE,1578
LCG,1579
LCH,1580
LCK,1581
LCR,1582
LCX,1583
LCY,1584
LDB,1585
LDE,1586
LDH,1587
LDS,1588
LDU,1589
LDY,1590
LEA,1591
LEB,1592
LEC,1593
LED,1594
LEH,1595
LEI,1596
LEJ,1597
LEN,1598
LEQ,1599
LET,1600
LEX,1601
LFM,1602
LFR,1603
LFT,1604
LFW,1605
LGA,1606
LGB,1607
LGG,1608
LGI,1609
LGK,1610
LGL,1611
LGP,1612
LGQ,1613
LGW,1614
LHE,1615
LHR,1616
LHW,1617
LIF,1618
LIG,1619
LIH,1620
LIL,1621
LIM,1622
LIN,1623
LIR,1624
LIS,1625
LIT,1626
LJA,1627
LJG,1628
LJU,1629
LKB,1630
LKE,1631
LKG,1632
LKH,1633
LKL,1634
LKN,1635
LKO,1636
LLA,1637
LLB,1638
LLF,1639
LLI,1640
LLK,1641
LLU,1642
LLW,1643
LMA,1644
LMC,1645
LMM,1646
LMN,1647
LMP,1648
LMT,1649
LNB,1650
LNE,1651
LNJ,1652
LNK,1653
LNS,1654
LNV,1655
LNY,1656
LNZ,1657
LOD,1658
LOE,1659
LOH,1660
LOK,1661
LOP,1662
LOS,1663
LPA,1664
LPB,1665
LPD,1666
LPI,1667
LPL,1668
LPM,1669
LPP,1670
LPQ,1671
LPS,1672
LPT,1673
LPY,1674
LQM,1675
LRD,1676
LRE,1677
LRH,1678
LRM,1679
LRR,1680
LRS,1681
LRT,1682
LSA,1683
LSC,1684
LSE,1685
LSI,1686
LSP,1687
LST,1688
LSY,1689
LTD,1690
LTI,1691
LTN,1692
LTO,1693
LTX,1694
LUD,1695
LUG,1696
LUH,1697
LUK,1698
LUM,1699
LUN,1700
LUO,1701
LUQ,1702
LUR,1703
LUV,1704
LUW,1705
LUX,1706
LUZ,1707
LVI,1708
LWB,1709
LWN,1710
LWO,1711
LWS,1712
LWY,1713
LXA,1714
LXG,1715
LXR,1716
LXS,1717
LYA,1718
LYB,1719
LYC,1720
LYG,1721
LYH,1722
LYI,1723
LYP,1724
LYR,1725
LYS,1726
LZC,1727
LZH,1728
LZO,1729
LZY,1730
MAA,1731
MAB,1732
MAD,1733
MAF,1734
MAG,1735
MAH,1736
MAJ,1737
MAM,1738
MAN,1739
MAO,1740
MAQ,1741
MAR,1742
MAS,1743
MAU,1744
MAZ,1745
MBA,1746
MBE,1747
MBI,1748
MBJ,1749
MBL,1750
MBS,1751
MBT,1752
MCE,1753
MCG,1754
MCI,1755
MCK,1756
MCM,1757
MCN,1758
MCO,1759
MCP,1760
MCT,1761
MCV,1762
MCX,1763
MCY,1764
MCZ,1765
MDC,1766
MDE,1767
MDG,1768
MDK,1769
MDL,1770
MDQ,1771
MDT,1772
MDU,1773
MDW,1774
MDZ,1775
MEA,1776
MEB,1777
MEC,1778
MED,1779
MEE,1780
MEG,1781
MEH,1782
MEI,1783
MEL,1784
MEM,1785
MEU,1786
MEX,1787
MFE,1788
MFM,1789
MFR,1790
MFU,1791
MGA,1792
MGB,1793
MGF,1794
MGH,1795
MGM,1796
MGQ,1797
MGS,1798
MGT,1799
MGW,1800
MGZ,1801
MHC,1802
MHD,1803
MHG,1804
MHH,1805
MHK,1806
MHQ,1807
MHT,1808
MIA,1809
MID,1810
MIG,1811
MII,1812
MIM,1813
MIR,1814
MIS,1815
MJD,1816
MJF,1817
MJM,1818
MJN,1819
MJT,1820
MJU,1821
MJV,1822
MJZ,1823
MKE,1824
MKG,1825
MKK,1826
MKL,1827
MKM,1828
MKP,1829
MKQ,1830
MKW,1831
MKY,1832
MLA,1833
MLB,1834
MLE,1835
MLG,1836
MLH,1837
MLI,1838
MLL,1839
MLM,1840
MLN,1841
MLO,1842
MLU,1843
MLW,1844
MLX,1845
MLY,1846
MMB,1847
MME,1848
MMH,1849
MMJ,1850
MMK,1851
MMO,1852
MMU,1853
MMX,1854
MMY,1855
MNA,1856
MNG,1857
MNL,1858
MNS,1859
MNT,1860
MOB,1861
MOC,1862
MOD,1863
MOF,1864
MOI,1865
MOL,1866
MOQ,1867
MOT,1868
MOU,1869
MOV,1870
MOZ,1871
MPA,1872
MPH,1873
MPL,1874
MPM,1875
MPN,1876
MPP,1877
MQF,1878
MQH,1879
MQJ,1880
MQL,1881
MQM,1882
MQN,1883
MQP,1884
MQT,1885
MQX,1886
MRA,1887
MRD,1888
MRE,1889
MRS,1890
MRU,1891
MRV,1892
MRX,1893
MRY,1894
MRZ,1895
MSA,1896
MSJ,1897
MSL,1898
MSN,1899
MSO,1900
MSP,1901
MSQ,1902
MSR,1903
MSS,1904
MST,1905
MSU,1906
MSW,1907
MSY,1908
MSZ,1909
MTJ,1910
MTM,1911
MTR,1912
MTS,1913
MTT,1914
MTV,1915
MTY,1916
MUA,1917
MUB,1918
MUC,1919
MUE,1920
MUK,1921
MUN,1922
MUR,1923
MUW,1924
MUX,1925
MVD,1926
MVP,1927
MVR,1928
MVT,1929
MVY,1930
MWA,1931
MWF,1932
MWX,1933
MWZ,1934
MXH,1935
MXL,1936
MXP,1937
MXV,1938
MXX,1939
MXZ,1940
MYA,1941
MYD,1942
MYG,1943
MYJ,1944
MYQ,1945
MYR,1946
MYT,1947
MYU,1948
MYW,1949
MYY,1950
MZG,1951
MZH,1952
MZL,1953
MZR,1954
MZT,1955
MZV,1956
MZW,1957
NAG,1958
NAH,1959
NAJ,1960
NAN,1961
NAO,1962
NAP,1963
NAQ,1964
NAS,1965
NAT,1966
NAV,1967
NAW,1968
NAY,1969
NBC,1970
NBE,1971
NBO,1972
NBS,1973
NBX,1974
NCE,1975
NCL,1976
NCU,1977
NDB,1978
NDG,1979
NDJ,1980
NDR,1981
NDU,1982
NDY,1983
NER,1984
NEV,1985
NGB,1986
NGE,1987
NGK,1988
NGO,1989
NGQ,1990
NGS,1991
NHV,1992
NIB,1993
NIM,1994
NIQ,1995
NJC,1996
NJF,1997
NKC,1998
NKG,1999
NKI,2000
NKM,2001
NLA,2002
NLD,2003
NLG,2004
NLK,2005
NLT,2006
NMA,2007
NME,2008
NNB,2009
NNG,2010
NNM,2011
NNT,2012
NNY,2013
NOB,2014
NOC,2015
NOJ,2016
NOP,2017
NOS,2018
NOU,2019
NOV,2020
NOZ,2021
NPE,2022
NPL,2023
NQN,2024
NQU,2025
NQY,2026
NRA,2027
NRK,2028
NRL,2029
NRN,2030
NRT,2031
NSH,2032
NSI,2033
NSK,2034
NSN,2035
NSQ,2036
NST,2037
NTE,2038
NTG,2039
NTL,2040
NTN,2041
NTQ,2042
NTX,2043
NUE,2044
NUI,2045
NUL,2046
NUP,2047
NUS,2048
NUX,2049
NVA,2050
NVI,2051
NVK,2052
NVT,2053
NWI,2054
NYA,2055
NYI,2056
NYK,2057
NYM,2058
NYO,2059
NYT,2060
NYU,2061
NZH,2062
OAG,2063
OAJ,2064
OAK,2065
OAL,2066
OAX,2067
OBO,2068
OBU,2069
OBY,2070
OCC,2071
ODN,2072
ODO,2073
ODS,2074
ODY,2075
OER,2076
OGD,2077
OGG,2078
OGL,2079
OGM,2080
OGS,2081
OGX,2082
OGZ,2083
OHE,2084
OHH,2085
OIA,2086
OIM,2087
OIT,2088
OKA,2089
OKC,2090
OKJ,2091
OKL,2092
OLA,2093
OLB,2094
OLC,2095
OLF,2096
OLH,2097
OLL,2098
OLP,2099
OMA,2100
OMD,2101
OME,2102
OMH,2103
OMO,2104
OMR,2105
OMS,2106
OND,2107
ONG,2108
ONJ,2109
ONQ,2110
ONT,2111
OOK,2112
OOL,2113
OPO,2114
OPS,2115
ORB,2116
ORD,2117
ORF,2118
ORH,2119
ORI,2120
ORK,2121
ORN,2122
ORU,2123
ORV,2124
ORY,2125
ORZ,2126
OSD,2127
OSI,2128
OSL,2129
OSM,2130
OSR,2131
OSS,2132
OST,2133
OSW,2134
OSY,2135
OTD,2136
OTH,2137
OTP,2138
OTZ,2139
OUA,2140
OUD,2141
OUL,2142
OUZ,2143
OVB,2144
OVD,2145
OVS,2146
OWB,2147
OXB,2148
OZC,2149
OZH,2150
OZZ,2151
PAC,2152
PAD,2153
PAF,2154
PAG,2155
PAH,2156
PAP,2157
PAS,2158
PAT,2159
PAV,2160
PAZ,2161
PBC,2162
PBD,2163
PBG,2164
PBH,2165
PBI,2166
PBJ,2167
PBL,2168
PBM,2169
PBO,2170
PBU,2171
PBZ,2172
PCL,2173
PCR,2174
PDA,2175
PDG,2176
PDL,2177
PDP,2178
PDS,2179
PDT,2180
PDV,2181
PDX,2182
PEC,2183
PED,2184
PEE,2185
PEG,2186
PEI,2187
PEK,2188
PEM,2189
PEN,2190
PER,2191
PES,2192
PET,2193
PEU,2194
PEW,2195
PEZ,2196
PFB,2197
PFO,2198
PFQ,2199
PGA,2200
PGD,2201
PGF,2202
PGK,2203
PGU,2204
PGV,2205
PGX,2206
PHB,2207
PHC,2208
PHE,2209
PHF,2210
PHL,2211
PHO,2212
PHS,2213
PHW,2214
PHX,2215
PIA,2216
PIB,2217
PIE,2218
PIH,2219
PIK,2220
PIN,2221
PIP,2222
PIR,2223
PIS,2224
PIT,2225
PIU,2226
PIX,2227
PIZ,2228
PJA,2229
PJG,2230
PJM,2231
PKA,2232
PKB,2233
PKC,2234
PKE,2235
PKN,2236
PKR,2237
PKU,2238
PKY,2239
PKZ,2240
PLJ,2241
PLM,2242
PLN,2243
PLO,2244
PLQ,2245
PLS,2246
PLU,2247
PLW,2248
PLX,2249
PLZ,2250
PMC,2251
PMF,2252
PMI,2253
PMO,2254
PMR,2255
PMV,2256
PMW,2257
PMY,2258
PMZ,2259
PNA,2260
PND,2261
PNH,2262
PNI,2263
PNK,2264
PNL,2265
PNP,2266
PNQ,2267
PNR,2268
PNS,2269
PNZ,2270
POA,2271
POG,2272
POI,2273
POJ,2274
POL,2275
POM,2276
POP,2277
POR,2278
POS,2279
POZ,2280
PPB,2281
PPG,2282
PPK,2283
PPN,2284
PPP,2285
PPQ,2286
PPS,2287
PPT,2288
PPV,2289
PPW,2290
PQC,2291
PQI,2292
PQM,2293
PQQ,2294
PQS,2295
PRA,2296
PRC,2297
PRG,2298
PRH,2299
PRI,2300
PRN,2301
PSA,2302
PSC,2303
PSE,2304
PSG,2305
PSJ,2306
PSM,2307
PSO,2308
PSP,2309
PSR,2310
PSS,2311
PTG,2312
PTH,2313
PTJ,2314
PTP,2315
PTU,2316
PTY,2317
PUB,2318
PUE,2319
PUF,2320
PUG,2321
PUJ,2322
PUM,2323
PUQ,2324
PUS,2325
PUU,2326
PUW,2327
PUY,2328
PVA,2329
PVC,2330
PVD,2331
PVE,2332
PVG,2333
PVH,2334
PVK,2335
PVR,2336
PVU,2337
PWE,2338
PWM,2339
PWQ,2340
PXM,2341
PXO,2342
PXU,2343
PYC,2344
PYH,2345
PYJ,2346
PYY,2347
PZB,2348
PZH,2349
PZI,2350
PZO,2351
PZU,2352
QBC,2353
QFG,2354
QFN,2355
QJH,2356
QOQ,2357
QOW,2358
QRO,2359
QRW,2360
QSF,2361
QUB,2362
QUO,2363
QUV,2364
QUW,2365
RAB,2366
RAE,2367
RAH,2368
RAI,2369
RAJ,2370
RAK,2371
RAO,2372
RAP,2373
RAR,2374
RAS,2375
RBA,2376
RBQ,2377
RBR,2378
RBV,2379
RBY,2380
RCB,2381
RCE,2382
RCH,2383
RCM,2384
RCY,2385
RDC,2386
RDD,2387
RDM,2388
RDN,2389
RDU,2390
RDV,2391
RDZ,2392
REC,2393
REG,2394
REL,2395
REN,2396
REP,2397
RES,2398
RET,2399
REU,2400
REX,2401
RFD,2402
RFP,2403
RGA,2404
RGI,2405
RGK,2406
RGL,2407
RGN,2408
RGS,2409
RHD,2410
RHI,2411
RHO,2412
RIA,2413
RIB,2414
RIC,2415
RIG,2416
RIW,2417
RIX,2418
RIY,2419
RJA,2420
RJH,2421
RJK,2422
RJL,2423
RKA,2424
RKD,2425
RKS,2426
RKV,2427
RLG,2428
RLK,2429
RMA,2430
RMF,2431
RMI,2432
RMP,2433
RMQ,2434
RMT,2435
RNA,2436
RNB,2437
RNL,2438
RNN,2439
RNO,2440
RNS,2441
ROA,2442
ROB,2443
ROC,2444
ROI,2445
ROK,2446
ROO,2447
ROP,2448
ROR,2449
ROS,2450
ROT,2451
ROV,2452
ROW,2453
RPR,2454
RRG,2455
RRS,2456
RSA,2457
RSD,2458
RSH,2459
RST,2460
RSU,2461
RSW,2462
RTA,2463
RTB,2464
RTM,2465
RTW,2466
RUA,2467
RUH,2468
RUN,2469
RUR,2470
RUS,2471
RUT,2472
RVD,2473
RVE,2474
RVK,2475
RVN,2476
RVT,2477
RVV,2478
RXS,2479
RYG,2480
RYK,2481
RZE,2482
RZR,2483
SAB,2484
SAE,2485
SAF,2486
SAH,2487
SAL,2488
SAN,2489
SAP,2490
SAT,2491
SAV,2492
SAW,2493
SAX,2494
SBA,2495
SBH,2496
SBN,2497
SBP,2498
SBW,2499
SBY,2500
SBZ,2501
SCC,2502
SCE,2503
SCK,2504
SCL,2505
SCM,2506
SCN,2507
SCO,2508
SCQ,2509
SCT,2510
SCU,2511
SCW,2512
SCY,2513
SCZ,2514
SDD,2515
SDE,2516
SDF,2517
SDG,2518
SDJ,2519
SDK,2520
SDL,2521
SDN,2522
SDP,2523
SDQ,2524
SDR,2525
SDU,2526
SDV,2527
SDY,2528
SEA,2529
SEN,2530
SEZ,2531
SFA,2532
SFB,2533
SFG,2534
SFJ,2535
SFL,2536
SFN,2537
SFO,2538
SFT,2539
SGC,2540
SGD,2541
SGF,2542
SGG,2543
SGN,2544
SGO,2545
SGU,2546
SGY,2547
SHA,2548
SHB,2549
SHC,2550
SHD,2551
SHE,2552
SHG,2553
SHH,2554
SHJ,2555
SHL,2556
SHM,2557
SHP,2558
SHR,2559
SHV,2560
SHW,2561
SHX,2562
SIC,2563
SID,2564
SIN,2565
SIP,2566
SIT,2567
SJC,2568
SJD,2569
SJE,2570
SJI,2571
SJJ,2572
SJK,2573
SJL,2574
SJO,2575
SJP,2576
SJT,2577
SJU,2578
SJW,2579
SJZ,2580
SKB,2581
SKD,2582
SKE,2583
SKG,2584
SKK,2585
SKN,2586
SKO,2587
SKP,2588
SKT,2589
SKU,2590
SKX,2591
SKZ,2592
SLA,2593
SLC,2594
SLH,2595
SLI,2596
SLK,2597
SLL,2598
SLM,2599
SLN,2600
SLP,2601
SLQ,2602
SLU,2603
SLW,2604
SLX,2605
SLY,2606
SLZ,2607
SMA,2608
SMF,2609
SMI,2610
SMK,2611
SML,2612
SMR,2613
SMS,2614
SMX,2615
SNA,2616
SNE,2617
SNN,2618
SNO,2619
SNP,2620
SNU,2621
SNV,2622
SNW,2623
SOC,2624
SOF,2625
SOG,2626
SOJ,2627
SOM,2628
SON,2629
SOQ,2630
SOU,2631
SOW,2632
SOY,2633
SPB,2634
SPC,2635
SPD,2636
SPN,2637
SPP,2638
SPR,2639
SPS,2640
SPU,2641
SQS,2642
SRA,2643
SRE,2644
SRG,2645
SRK,2646
SRP,2647
SRQ,2648
SRV,2649
SRX,2650
SRY,2651
SRZ,2652
SSA,2653
SSB,2654
SSG,2655
SSH,2656
SSJ,2657
SSR,2658
SSY,2659
STC,2660
STD,2661
STG,2662
STI,2663
STL,2664
STM,2665
STN,2666
STR,2667
STS,2668
STT,2669
STV,2670
STW,2671
STX,2672
STZ,2673
SUB,2674
SUF,2675
SUG,2676
SUJ,2677
SUK,2678
SUR,2679
SUV,2680
SUX,2681
SVA,2682
SVB,2683
SVC,2684
SVD,2685
SVG,2686
SVI,2687
SVJ,2688
SVK,2689
SVL,2690
SVO,2691
SVP,2692
SVQ,2693
SVR,2694
SVS,2695
SVU,2696
SVX,2697
SVZ,2698
SWA,2699
SWF,2700
SWJ,2701
SXB,2702
SXF,2703
SXI,2704
SXK,2705
SXM,2706
SXO,2707
SXP,2708
SXR,2709
SXX,2710
SYB,2711
SYD,2712
SYM,2713
SYO,2714
SYQ,2715
SYR,2716
SYX,2717
SYY,2718
SYZ,2719
SZA,2720
SZB,2721
SZE,2722
SZG,2723
SZI,2724
SZX,2725
SZZ,2726
TAB,2727
TAC,2728
TAE,2729
TAG,2730
TAH,2731
TAI,2732
TAK,2733
TAL,2734
TAM,2735
TAO,2736
TAP,2737
TAS,2738
TAY,2739
TBB,2740
TBG,2741
TBI,2742
TBN,2743
TBP,2744
TBS,2745
TBT,2746
TBU,2747
TBW,2748
TBZ,2749
TCB,2750
TCD,2751
TCG,2752
TCO,2753
TCQ,2754
TCR,2755
TCT,2756
TCZ,2757
TDD,2758
TDX,2759
TEB,2760
TEE,2761
TEN,2762
TEQ,2763
TER,2764
TET,2765
TFF,2766
TFI,2767
TFN,2768
TFS,2769
TGC,2770
TGD,2771
TGG,2772
TGH,2773
TGI,2774
TGJ,2775
TGK,2776
TGM,2777
TGO,2778
TGP,2779
TGR,2780
TGU,2781
TGZ,2782
THD,2783
THE,2784
THL,2785
THN,2786
THR,2787
THS,2788
THU,2789
THX,2790
TIA,2791
TID,2792
TIF,2793
TIH,2794
TIJ,2795
TIM,2796
TIP,2797
TIR,2798
TIU,2799
TIV,2800
TIZ,2801
TJA,2802
TJM,2803
TJQ,2804
TJU,2805
TKD,2806
TKE,2807
TKG,2808
TKJ,2809
TKK,2810
TKP,2811
TKS,2812
TKU,2813
TKX,2814
TLA,2815
TLC,2816
TLE,2817
TLH,2818
TLJ,2819
TLL,2820
TLM,2821
TLN,2822
TLS,2823
TLT,2824
TLV,2825
TMC,2826
TME,2827
TMI,2828
TMJ,2829
TML,2830
TMM,2831
TMP,2832
TMR,2833
TMS,2834
TMT,2835
TMU,2836
TMW,2837
TNA,2838
TNC,2839
TNG,2840
TNJ,2841
TNK,2842
TNN,2843
TNO,2844
TNR,2845
TNW,2846
TOB,2847
TOE,2848
TOF,2849
TOG,2850
TOH,2851
TOL,2852
TOS,2853
TOU,2854
TOY,2855
TPA,2856
TPE,2857
TPP,2858
TPQ,2859
TPS,2860
TQA,2861
TQI,2862
TQL,2863
TRC,2864
TRD,2865
TRE,2866
TRF,2867
TRG,2868
TRI,2869
TRK,2870
TRN,2871
TRO,2872
TRR,2873
TRS,2874
TRU,2875
TRV,2876
TRW,2877
TRZ,2878
TSA,2879
TSE,2880
TSF,2881
TSH,2882
TSJ,2883
TSN,2884
TSR,2885
TST,2886
TSV,2887
TTA,2888
TTE,2889
TTJ,2890
TTN,2891
TTQ,2892
TTT,2893
TTU,2894
TUB,2895
TUC,2896
TUF,2897
TUG,2898
TUI,2899
TUK,2900
TUL,2901
TUN,2902
TUO,2903
TUP,2904
TUR,2905
TUS,2906
TUU,2907
TVC,2908
TVF,2909
TVS,2910
TVU,2911
TVY,2912
TWB,2913
TWF,2914
TWU,2915
TXK,2916
TXL,2917
TXN,2918
TYF,2919
TYN,2920
TYR,2921
TYS,2922
TZA,2923
TZL,2924
TZX,2925
UAH,2926
UAK,2927
UAP,2928
UAQ,2929
UAS,2930
UBA,2931
UBJ,2932
UBP,2933
UCT,2934
UDI,2935
UDJ,2936
UDR,2937
UEL,2938
UEO,2939
UET,2940
UFA,2941
UGB,2942
UGC,2943
UIB,2944
UIH,2945
UIN,2946
UIO,2947
UIP,2948
UKA,2949
UKB,2950
UKK,2951
UKS,2952
UKX,2953
ULB,2954
ULG,2955
ULH,2956
ULK,2957
ULN,2958
ULO,2959
ULP,2960
ULV,2961
ULZ,2962
UMD,2963
UME,2964
UNG,2965
UNK,2966
UNN,2967
UPG,2968
UPK,2969
UPN,2970
URA,2971
URC,2972
URE,2973
URG,2974
URJ,2975
URS,2976
URT,2977
URY,2978
USH,2979
USK,2980
USM,2981
USN,2982
UST,2983
USU,2984
UTH,2985
UTN,2986
UTP,2987
UTS,2988
UTT,2989
UUA,2990
UUD,2991
UUS,2992
UVE,2993
UVF,2994
UYL,2995
UYN,2996
UYU,2997
VAA,2998
VAI,2999
VAK,3000
VAN,3001
VAO,3002
VAR,3003
VAS,3004
VAW,3005
VBV,3006
VBY,3007
VCA,3008
VCE,3009
VCL,3010
VCP,3011
VCS,3012
VCT,3013
VDA,3014
VDB,3015
VDC,3016
VDE,3017
VDH,3018
VDM,3019
VDS,3020
VDZ,3021
VEE,3022
VEL,3023
VER,3024
VFA,3025
VGA,3026
VGO,3027
VGZ,3028
VHC,3029
VHM,3030
VIE,3031
VIG,3032
VII,3033
VIJ,3034
VIL,3035
VIN,3036
VIS,3037
VIX,3038
VKG,3039
VKO,3040
VKT,3041
VLC,3042
VLD,3043
VLI,3044
VLL,3045
VLN,3046
VLS,3047
VLV,3048
VLY,3049
VNO,3050
VNS,3051
VNX,3052
VOG,3053
VOL,3054
VOZ,3055
VPE,3056
VPS,3057
VPY,3058
VQS,3059
VRA,3060
VRC,3061
VRN,3062
VSA,3063
VST,3064
VTE,3065
VTZ,3066
VUP,3067
VUS,3068
VVC,3069
VVI,3070
VVO,3071
VXC,3072
VXE,3073
VXO,3074
WAA,3075
WAE,3076
WAG,3077
WAT,3078
WAW,3079
WBB,3080
WBM,3081
WBQ,3082
WDH,3083
WEF,3084
WEI,3085
WGA,3086
WGP,3087
WHK,3088
WIC,3089
WIL,3090
WIN,3091
WJR,3092
WJU,3093
WKJ,3094
WLG,3095
WLH,3096
WLK,3097
WLS,3098
WMI,3099
WMN,3100
WMO,3101
WMR,3102
WMX,3103
WNA,3104
WNH,3105
WNN,3106
WNP,3107
WNR,3108
WNZ,3109
WRE,3110
WRG,3111
WRL,3112
WRO,3113
WRY,3114
WSN,3115
WSX,3116
WSZ,3117
WTK,3118
WTL,3119
WUA,3120
WUH,3121
WUS,3122
WUX,3123
WUZ,3124
WVB,3125
WWK,3126
WWP,3127
WWT,3128
WXN,3129
WYA,3130
XAP,3131
XBE,3132
XBJ,3133
XCH,3134
XCR,3135
XEQ,3136
XFN,3137
XFW,3138
XGR,3139
XIC,3140
XIL,3141
XIY,3142
XKH,3143
XKS,3144
XMH,3145
XMN,3146
XMS,3147
XNA,3148
XNN,3149
XQP,3150
XRY,3151
XSB,3152
XSC,3153
XTG,3154
XUZ,3155
YAA,3156
YAB,3157
YAC,3158
YAG,3159
YAK,3160
YAM,3161
YAP,3162
YAT,3163
YAX,3164
YAY,3165
YBC,3166
YBG,3167
YBK,3168
YBL,3169
YBP,3170
YBR,3171
YBX,3172
YCB,3173
YCD,3174
YCG,3175
YCL,3176
YCO,3177
YCS,3178
YCU,3179
YCY,3180
YDF,3181
YDP,3182
YDQ,3183
YEG,3184
YEK,3185
YER,3186
YES,3187
YEV,3188
YFA,3189
YFB,3190
YFC,3191
YFH,3192
YFJ,3193
YFO,3194
YFS,3195
YGH,3196
YGJ,3197
YGK,3198
YGL,3199
YGP,3200
YGR,3201
YGT,3202
YGV,3203
YGW,3204
YGX,3205
YGZ,3206
YHD,3207
YHI,3208
YHK,3209
YHM,3210
YHO,3211
YHP,3212
YHR,3213
YHU,3214
YHY,3215
YHZ,3216
YIC,3217
YIE,3218
YIF,3219
YIH,3220
YIK,3221
YIN,3222
YIO,3223
YIW,3224
YJT,3225
YKA,3226
YKF,3227
YKG,3228
YKL,3229
YKM,3230
YKQ,3231
YKS,3232
YKT,3233
YKU,3234
YLC,3235
YLE,3236
YLH,3237
YLL,3238
YLW,3239
YMM,3240
YMN,3241
YMO,3242
YMT,3243
YNA,3244
YNB,3245
YNC,3246
YNG,3247
YNJ,3248
YNO,3249
YNP,3250
YNS,3251
YNT,3252
YNY,3253
YNZ,3254
YOG,3255
YOJ,3256
YOL,3257
YOP,3258
YOW,3259
YPC,3260
YPH,3261
YPJ,3262
YPL,3263
YPM,3264
YPN,3265
YPO,3266
YPR,3267
YPW,3268
YPX,3269
YPY,3270
YQB,3271
YQC,3272
YQD,3273
YQF,3274
YQG,3275
YQK,3276
YQL,3277
YQM,3278
YQQ,3279
YQR,3280
YQT,3281
YQU,3282
YQX,3283
YQY,3284
YQZ,3285
YRA,3286
YRB,3287
YRG,3288
YRL,3289
YRT,3290
YSB,3291
YSG,3292
YSJ,3293
YSK,3294
YSM,3295
YSO,3296
YSY,3297
YTE,3298
YTH,3299
YTL,3300
YTQ,3301
YTS,3302
YTY,3303
YTZ,3304
YUB,3305
YUD,3306
YUL,3307
YUM,3308
YUS,3309
YUT,3310
YUX,3311
YUY,3312
YVB,3313
YVM,3314
YVO,3315
YVP,3316
YVQ,3317
YVR,3318
YVZ,3319
YWB,3320
YWG,3321
YWH,3322
YWJ,3323
YWK,3324
YWL,3325
YWP,3326
YXC,3327
YXE,3328
YXH,3329
YXJ,3330
YXL,3331
YXN,3332
YXP,3333
YXS,3334
YXT,3335
YXU,3336
YXX,3337
YXY,3338
YYB,3339
YYC,3340
YYD,3341
YYE,3342
YYF,3343
YYG,3344
YYH,3345
YYJ,3346
YYQ,3347
YYR,3348
YYT,3349
YYU,3350
YYY,3351
YYZ,3352
YZF,3353
YZG,3354
YZP,3355
YZR,3356
YZS,3357
YZT,3358
YZV,3359
YZY,3360
YZZ,3361
ZAD,3362
ZAG,3363
ZAH,3364
ZAL,3365
ZAM,3366
ZAT,3367
ZAZ,3368
ZBF,3369
ZBL,3370
ZBR,3371
ZCL,3372
ZCO,3373
ZDY,3374
ZEL,3375
ZEM,3376
ZFM,3377
ZFN,3378
ZGS,3379
ZGU,3380
ZHA,3381
ZHY,3382
ZIG,3383
ZIH,3384
ZKE,3385
ZKG,3386
ZLO,3387
ZLT,3388
ZMT,3389
ZNE,3390
ZNZ,3391
ZOS,3392
ZPB,3393
ZQN,3394
ZQW,3395
ZQZ,3396
ZRH,3397
ZRJ,3398
ZSA,3399
ZSE,3400
ZSJ,3401
ZTB,3402
ZTH,3403
ZUH,3404
ZUM,3405
ZVK,3406
ZYI,3407
ZYL,3408
KZB,3409
KZI,3410
ORX,3411
BVS,3412
CMP,3413
SPI,3414
BSS,3415
QFX,3416
KYK,3417
FMI,3418
UII,3419
CZJ,3420
MTE,3421
KPR,3422
TUA,3423
DLZ,3424
